Description,Category
JEA,utilities
Keys Energy Services,utilities
Kissimmee Utility Authority,utilities
Lakeland Electric,utilities
Lake Worth Utilities,utilities
Lee County Electric Cooperative,utilities
Leesburg Electric Department,utilities
Ocala Electric Utility,utilities
Okefenoke Rural Electric Membership Corporation,utilities
Orlando Utilities Commission,utilities
Palm Peach,utilities
Peace River Electric Cooperative,utilities
Progress Energy Florida,utilities
PowerSouth Energy Cooperative,utilities
Reedy Creek Energy Services,utilities
St. Cloud Utilities,utilities
Seminole Electric Cooperative,utilities
Sumter Electric Cooperative,utilities
Suwannee Valley Electric Cooperative,utilities
Talquin Electric Cooperative,utilities
"TECO Energy, a part of Emera",utilities
Town of Havana Utilities,utilities
Tri-County Electric Cooperative,utilities
West Florida Electric Cooperative,utilities
Withlacoochee River Electric Cooperative,utilities
"Georgia Power, a part of the Southern Company",utilities
Municipal Electric Authority of Georgia (MEAG Power),utilities
Oglethorpe Power,utilities
Tennessee Valley Authority,utilities
Altamaha EMC,utilities
Amicalola EMC,utilities
Blue Ridge Mountain EMC,utilities
Canoochee EMC,utilities
Carroll EMC,utilities
Central Georgia EMC,utilities
Coastal Electric Cooperative,utilities
Cobb EMC,utilities
Colquitt EMC,utilities
Coweta-Fayette EMC,utilities
Diverse Power Inc.,utilities
Diverse Power Inc. - Pataula District,utilities
Excelsior EMC,utilities
Flint Energies,utilities
Grady EMC,utilities
GreyStone Power Corp.,utilities
Habersham EMC,utilities
Hart EMC,utilities
Irwin EMC,utilities
Jackson EMC,utilities
Jefferson Energy Cooperative,utilities
Little Ocmulgee EMC,utilities
Marietta Power,utilities
Middle Georgia EMC,utilities
Mitchell EMC,utilities
North Georgia EMC,utilities
Ocmulgee EMC,utilities
Oconee EMC,utilities
Okefenoke REMC,utilities
Planters EMC,utilities
Rayle EMC,utilities
Satilla REMC,utilities
Sawnee EMC,utilities
Slash Pine EMC,utilities
Snapping Shoals EMC,utilities
Southern Rivers Energy,utilities
Sumter EMC,utilities
Three Notch EMC,utilities
Tri-County EMC,utilities
Tri-State EMC,utilities
Upson EMC,utilities
Walton EMC,utilities
Washington EMC,utilities
Direct Energy,utilities
"Hawaiian Electric Company (HECO), Oʻahu subsidiary of Hawaiian Electric Industries",utilities
"Hawaiian Electric Light Company (HELCO), Island of Hawaiʻi subsidiary of Hawaiian Electric Industries",utilities
Kauaʻi Island Utility Cooperative (KIUC),utilities
"Maui Electric Company (MECO), Maui County subsidiary of Hawaiian Electric Industries",utilities
Avista,utilities
Clearwater Power,utilities
IDACORP (Idaho Power),utilities
PacifiCorp (Rocky Mountain Power),utilities
Ambit Energy,utilities
Ameren,utilities
Champion Energy,utilities
"City Water, Light & Power (Springfield, Illinois)",utilities
"ComEd, a subsidiary of Exelon",utilities
Direct Energy,utilities
American Electric Power (Indiana Michigan Power),utilities
Cinergy Corporation,utilities
Duke Energy,utilities
Indiana Municipal Power Agency,utilities
Indianapolis Power & Light,utilities
NiSource,utilities
Northern Indiana Public Service Company,utilities
Vectren (Southern Indiana Gas & Electric Company),utilities
"Interstate Power and Light Company, a part of Alliant Energy",utilities
MidAmerican Energy,utilities
Kansas City Board of Public Utilities,utilities
Kansas City Power and Light Company,utilities
Westar Energy,utilities
American Electric Power,utilities
Cinergy Corporation,utilities
Direct Energy,utilities
Duke Energy,utilities
Thermal Clean,pest control
The Pest Control Co.,pest control
Safer Pest Control,pest control
Regal Termite & Pest Control,pest control
Premier Pest Management,pest control
Pest Eliminators Inc.,pest control
"Pest Detector, Inc.",pest control
Pest Control of Tamarac,pest control
New Era Pest Control,pest control
Larue Pest Management Inc.,pest control
Krypton Pest Control Co.,pest control
Jones & Sons Pest Control,pest control
Home Team Pest Defense,pest control
Home Protection Pest Control,pest control
Green Solutions Lawn Care & Pest Control,pest control
Green Palm Pest Control,pest control
Good News Pest Solutions,pest control
First Choice Fertilization and Pest Control,pest control
Emergency Pest Patrol LLC,pest control
Eagle Pest Control Co.,pest control
Dame Pest Solutions Inc.,pest control
Critter & Pest Defense,pest control
Couch’s Pest Patrol Inc.,pest control
Certified Pest Control,pest control
Bugs or Us Termite & Pest,pest control
Best Pest Control Company,pest control
Anti Pesto Bug Killers,pest control
Ambassador Pest Management,pest control
Allied Pest Management,pest control
Advantage Pest Control,pest control
Ace Pest Control,pest control
Accurate Pest Control,pest control
Abode Pest Solutions,pest control
hexa care,pest control
Rodent Control,pest control
PestSwipe,pest control
Capable Pest Control,pest control
Superline,pest control
Caremate,pest control
Actocare,pest control
Predex,pest control
Prupest,pest control
United Pest Control,pest control
Magma pest Defence,pest control
Urban Solutions,pest control
Bluebig,pest control
Western View,pest control
Greyline Pest Control,pest control
Black Ace Pest,pest control
Espanza,pest control
Duolinic,pest control
happy pes Control,pest control
Green Glaze,pest control
Suresafe,pest control
PestSpot,pest control
Home Next control,pest control
Essen Care,pest control
Zapp the bug,pest control
Secudots,pest control
SafeElement,pest control
Elemento Pest Control,pest control
Clenke’s,pest control
Pestosafe,pest control
Innov Pest Management,pest control
Rexia Care,pest control
Pestlink,pest control
Firstsafe,pest control
QuickSure,pest control
Zerobay Care,pest control
Flipflap Pest Control,pest control
Teggaway,pest control
priosafe,pest control
ServoShift,pest control
pestPrism,pest control
Konnekx pest Control,pest control
Sringo,pest control
Cavasa,pest control
White Spirit,pest control
Neeyou Pest Control,pest control
yes care,pest control
Happy Hands Caring,pest control
Alpha Caring,pest control
Eden Pest Control,pest control
Three Triangle Pest Control,pest control
Aetona,pest control
Safe Circle,pest control
Pest Curves,pest control
Zeggs,pest control
Dumona pest Control,pest control
Joneg pest Control,pest control
Black Ace pest Control,pest control
Futusafe,pest control
Stardust,pest control
Integra pest Control,pest control
Advanta,pest control
VitoPower,pest control
Flexfine,pest control
primosafe Pest Control,pest control
A to Z Handyman,home repair
AAA Appliance Service,home repair
Accurate Appliance Services,home repair
All Home Repair,home repair
All Type Service,home repair
Appliance Guy,home repair
Appliance Master,home repair
At-Home Services,home repair
Awesome Home Repair,home repair
Big Sky Home Repair,home repair
Budget Home Repair,home repair
Call me Handyman,home repair
Credible Construction,home repair
Fix Home Services,home repair
Fixin’ To Do,home repair
Fix-It Professor,home repair
Foundation Repair,home repair
Green’s Appliance,home repair
Handyman Connection,home repair
Harmony Improvements,home repair
Home Repair,home repair
Home Repairman,home repair
Honey-Do Handyman,home repair
House Hero Repair,home repair
Just Right Home Repairs,home repair
Mac Home Repairs,home repair
Maintenance Made Simple,home repair
Majestic Home Repairs,home repair
Master Frame Home Repair,home repair
More House Improvements,home repair
Mr. Appliance,home repair
New Life Service Company,home repair
One Way Appliance Repair,home repair
Perfectionist Handyman,home repair
Premier Home Repair,home repair
Principal Home Repair,home repair
Rapid Repair,home repair
Repair Junction,home repair
Right Handy,home repair
Speedy Patch,home repair
Super Span Home Repair,home repair
The Fixician,home repair
The House Doctors,home repair
Urban Appliance Repair,home repair
Victory Home Repair,home repair
Whole Home Comfort,home repair
Workman Home Repairs,home repair
Your Home Team Advantage,home repair
1st Service Handyman,home repair
A1 Home Repair and Maintenance,home repair
AAA Appliance Repair,home repair
Accent Home Repair,home repair
All in One Plumbing,home repair
All Tech Appliance,home repair
Anything Around the House,home repair
Appliance Doctor,home repair
Arctic Cool Air Conditioning,home repair
At Home Appliance Service,home repair
At Your Service Home Repair,home repair
Big Crew Maintenance,home repair
Craftworks Home Remodeling,home repair
Enigma Repair Company,home repair
E-Square Home Services,home repair
Evolution Home Repair,home repair
Forward Home,home repair
Good Strong Home Repair,home repair
Handy Home Repair,home repair
Handyman Matters,home repair
Home Crew,home repair
Home Pros Painting,home repair
Home Repair Specialist,home repair
Homo Stay Maintenance,home repair
House Calls Etc.,home repair
Ideal Appliance Repair,home repair
Legacy Appliance Repair,home repair
Low Big Home Repairs,home repair
Maintenance Chef,home repair
Master Appliance Repair,home repair
Mr Handy Hands,home repair
New Front Home Repair,home repair
New Looks Home Improvement,home repair
Nordic Services,home repair
One Call Home Repair,home repair
Pepe Home Repair,home repair
Power Pro Handyman,home repair
Premium Home Appliance,home repair
Priority One Home Repair,home repair
Professional Home Repair,home repair
Real Handy,home repair
Reliable Home Repair,home repair
Repair My Appliance,home repair
Roof Care,home repair
Sunrise Home Repair,home repair
The Appliance Repair Doctor,home repair
The Home Hero,home repair
UpKeep Home Maintenance,home repair
Uptown Home Repair & Maint.,home repair
Ventura Appliance Repair,home repair
Victory Plus Windows,home repair
Well Circle Home Services,home repair
Wood Mend Maintenance,home repair
Yellow Van Handyman,home repair
1st Home & Commercial Services,home repair
A-1 Home Repair,home repair
JPMorgan Chase,rent
Bank of America,rent
Citigroup,rent
Wells Fargo,rent
Goldman Sachs,rent
Morgan Stanley,rent
U.S. Bancorp,rent
"TD Bank, N.A.",rent
PNC Financial Services,rent
Capital One,rent
The Bank of New York Mellon,rent
TIAA,rent
Charles Schwab Corporation,rent
HSBC Bank USA,rent
State Street Corporation,rent
BB&T,rent
SunTrust Banks,rent
American Express,rent
Ally Financial,rent
MUFG Union Bank,rent
Fifth Third Bank,rent
State Farm,rent
USAA,rent
Citizens Financial Group,rent
BMO Harris Bank,rent
Barclays,rent
KeyCorp,rent
UBS,rent
Santander Bank,rent
Deutsche Bank,rent
Regions Financial Corporation,rent
Credit Suisse,rent
RBC Bank,rent
Northern Trust,rent
BNP Paribas,rent
M&T Bank,rent
Discover Financial,rent
Huntington Bancshares,rent
Synchrony Financial,rent
BBVA USA,rent
Comerica,rent
E-Trade,rent
Zions Bancorporation,rent
Silicon Valley Bank,rent
New York Community Bank,rent
CIT Group,rent
"Popular, Inc.",rent
People's United Financial,rent
Synovus,rent
Mutual of Omaha,rent
CIBC Bank USA,rent
East West Bank,rent
First Horizon National Corporation,rent
BOK Financial Corporation,rent
Mizuho Financial Group,rent
John Deere Capital Corporation,rent
Raymond James Financial,rent
First Citizens BancShares,rent
FNB Corporation,rent
Associated Banc-Corp,rent
BankUnited,rent
Valley National Bank,rent
Wintrust Financial,rent
Frost Bank,rent
IberiaBank,rent
Sterling Bancorp,rent
Hancock Whitney,rent
Texas Capital Bank,rent
Webster Bank,rent
Umpqua Holdings Corporation,rent
Investors Bank,rent
PacWest Bancorp,rent
Pinnacle Financial Partners,rent
Commerce Bancshares,rent
TCF Financial Corporation,rent
Stifel,rent
Western Alliance Bank,rent
UMB Financial Corporation,rent
Utrecht-America (Rabobank),rent
Sumitomo Mitsui Financial Group,rent
Prosperity Bancshares,rent
Chemical Financial Corporation,rent
First National of Nebraska,rent
Bank OZK,rent
Fulton Financial Corporation,rent
First Hawaiian Bank,rent
Old National Bank,rent
United Bank (West Virginia),rent
Flagstar Bank,rent
MidFirst Bank,rent
Macy's,rent
Arvest Bank,rent
FirstBank Holding Co,rent
Cadence Bank,rent
Bank of Hawaii,rent
Cathay Bank,rent
Atlantic Union Bank,rent
Washington Federal,rent
Simmons Bank,rent
First Midwest Bank,rent
South State Bank,rent
Bank of Hope,rent
